category,words
technology,"technology, tech, dji, honda, apple, geekstuff, instageek, geeks, create, electric, sony, drone, toyota, innovations, wheeling, build, labrador, science, nerdy, djiphantom"
technology,"uavpilots, inspirepro, fr, pro, eunos, uav, uavpilot, fpvguy, djiglobal, autelrobotics, yuneec, phantom, launch, oft, ness, ds, ds, aeroz, autelrobotics, carolinadronz"
technology,"dji, djiglobal, djiinspire, djiinspire, djiphantom, dronepilot, fpvguy, fr, goproanz, goprohero, kitelinemount, kitemount, phantom, sadp, strutmount, yuneec, dji, djiphantom, multicopter, uav"
technology,"phantom, phantom, regrann, vacuumforming, toyota, fjcruiser, overland, levante, suppup, chevy, honda, auto, hrg, ds, aeroz, autelrobotics, carolinadronz, dji, djiglobal, djiinspire"
technology,"djiinspire, djiphantom, dronepilot, fpvguy, fr, goproanz, goprohero, kitelinemount, kitemount, phantom, sadp, strutmount, yuneec, dji, djiphantom, multicopter, uav, phantom, phantom, regrann"
technology,"vacuumforming, toyota, fjcruiser, overland, levante, suppup, chevy, honda, auto, hrg, geek, ram, harry, pi, innovation, ai, phone"
others,"others, bottle, tissue, palm, finally, international, vapor, follow, brookemason, ladyboss, anywhereanytime, new, done, kill, expression, random, wall, up, pretty, behindthescreen"
others,"commercial, black, my, plus, minus, three, is, are, size, must, shall, red, blue, green, setlife, un, extreme, custom, er, by"
others,"who, on, in, of, into, franc, adrenal, tow, or, ego, discount, wow, giveaway, able, unable, he, she, reflection, a, b"
others,"c, d, e, f, g, h, i, j, k, l, m, n, o, p, q, r, s, t, u, v"
others,"w, x, y, z, look, sale, tag, switch, autofollowback, instagram, repost, active, black, brown, byekampar, clip, crowdfunding, detail, eye, follow"
others,"followme, instafollow, ll, long, me, mode, my, new, nice, nightofdestruction, nofilter, np, nzig, ondemand, palm, pk, pksg, pre, print, progression"
others,"random, sainsburys, shinefest, shirtcleaning, shirtly, side, skullcandy, swoosh, tagforlikes, tagsforlikes, tailor, tee, thrashermag, threethehardway, throwback, tokyosquid, toymachine, train, tuck, typo"
others,"uavpilot, uavpilots, undergroude, unsigned, unsignedartist, unsignedhype, visu, wall, white, whitetee, yeyy, yoh, yum, standup, heat, fly, sunny, cloudy, turningtorso, chill"
others,"bufordtjustice, nom, skooterfoot, suplife, ak, thepewpewlife, bethesda, avenuetrucks, mdlivin, jetskidaily, votedbestinoc, lights, glow, wet, julyth, water, amazing, seeyouthere, nice, good"
others,"puravida, fj, amazing, wild, sunglasses, rad, custom, gwapa, sunrisesup, wave, shred, fun, sun, wake, spot, awesome, session, flat, summer, monday"
others,"happiness, cool, big, medicina, waves, explore, sunshinegoddess, redwhiteandblue, princessminnie, sunshinegoddesses, eastofmaui, firstplace, cockatoo, crossing, pirate, goffins, uppsalatech, founders, entrepreneurship, goodread"
others,"sthlmtech, startup, books, bostonterriersofinstagram, summer, dogpals, uppsala, bostonterrier, capsule, bostonsofinstagram, book, entrepreneur, earth, earthmagic, earthfocus, earthpix, greenearth, earthlover, earthstrong, loveearth"
others,"greenearthstores, earthmagazine, earths, earthexperience, earthdeluxe, earthday, amazingplaces, teeshirts, greenearthshirt, earthshirt, sunrisesup, repost, splash, play, summerofsupyoga, grady, lovethisguy, motivationmoday, summer, stctrainingclub"
others,"naturesbeauty, happiness, veganlife, sunshine, balance, beautiful, openclass, charitysupevent, supkids, watermoves, tourdorchester, tourmaryland, nextlevelshit, dirtylove, leader, sexy, ravexgirl, braap, dreadlocks, dreadsdays"
others,"dreads, king, dirty, mud, bigtires, chaosworldwide, mudder, builders, adore, kingofthepit, getsome, mx, water, mudgirl, litobocobo, agatsu, circus, cirque, yogi, mtl"
others,"inversion, circusaroundtheworld, movement, circuseverydamnday, mma, lever, apnea, hardyachtcafe, nature, girls, fun, summer, smile, water, natural, yogi, happy, waves, girl, savasana"
others,"repeat, ahimsa, play, mind, body, has, aussie, active, relax, ayurveda, repost, it, powerful, blessed, autofollowback, instagram, repost, active, black, brown"
others,"byekampar, clip, crowdfunding, detail, eye, follow, followme, instafollow, ll, long, me, mode, my, new, nice, nightofdestruction, nofilter, np, nzig, ondemand"
others,"palm, pk, pksg, pre, print, progression, random, sainsburys, shinefest, shirtcleaning, shirtly, side, skullcandy, swoosh, tagforlikes, tagsforlikes, tailor, tee, thrashermag, threethehardway"
others,"throwback, tokyosquid, toymachine, train, tuck, typo, uavpilot, uavpilots, undergroude, unsigned, unsignedartist, unsignedhype, visu, wall, white, whitetee, yeyy, yoh, yum, standup"
others,"heat, fly, sunny, cloudy, turningtorso, chill, bufordtjustice, nom, skooterfoot, suplife, ak, thepewpewlife, bethesda, avenuetrucks, mdlivin, jetskidaily, votedbestinoc, lights, glow, wet"
others,"julyth, water, amazing, seeyouthere, nice, good, puravida, fj, amazing, wild, sunglasses, rad, custom, gwapa, sunrisesup, wave, shred, fun, sun, wake"
others,"spot, awesome, session, flat, summer, monday, happiness, cool, big, medicina, waves, explore, sunshinegoddess, redwhiteandblue, princessminnie, sunshinegoddesses, eastofmaui, firstplace, cockatoo, crossing"
others,"pirate, goffins, uppsalatech, founders, entrepreneurship, goodread, sthlmtech, startup, books, bostonterriersofinstagram, summer, dogpals, uppsala, bostonterrier, capsule, bostonsofinstagram, book, entrepreneur, earth, earthmagic"
others,"earthfocus, earthpix, greenearth, earthlover, earthstrong, loveearth, greenearthstores, earthmagazine, earths, earthexperience, earthdeluxe, earthday, amazingplaces, teeshirts, greenearthshirt, earthshirt, sunrisesup, repost, splash, play"
others,"summerofsupyoga, grady, lovethisguy, motivationmoday, summer, stctrainingclub, naturesbeauty, happiness, veganlife, sunshine, balance, beautiful, openclass, charitysupevent, supkids, watermoves, tourdorchester, tourmaryland, nextlevelshit, dirtylove"
others,"leader, sexy, ravexgirl, braap, dreadlocks, dreadsdays, dreads, king, dirty, mud, bigtires, chaosworldwide, mudder, builders, adore, kingofthepit, getsome, mx, water, mudgirl"
others,"litobocobo, agatsu, circus, cirque, yogi, mtl, inversion, circusaroundtheworld, movement, circuseverydamnday, mma, lever, apnea, hardyachtcafe, nature, girls, fun, summer, smile, water"
others,"natural, yogi, happy, waves, girl, savasana, repeat, ahimsa, play, mind, body, has, aussie, active, relax, ayurveda, repost, it, powerful, blessed"
others,"ni, sob, gable, hi, key, later, hip, at, intern, not, no, construction, commute, traffic, get, infrastructure, al, pul, alama, re"
others,"game, believe, ta, assignment, high, let, happen, special, hilus, fe, tamp, world, make, portrait, reach, carpet, then, election, alt, process"
others,"hero, complex, en, center, po, theca, looking, hit, floss, je, hurry, wait, fa, vote, an, ley, seen, ie, te, uke"
others,"super, square, dis, ne, decision, ka, mo, lei, ca, zaman, id, all, great, mi, click, perfection, major, eu, na, do"
others,"unique, elite, bend, bus, saman, argent, shout, mon, paisa, para, ar, rod, prod, lag, condition, passionate, one, core, inspiration, push"
others,"intensity, yep, pull, personal, upper, de, row, master, burn, goo, be, opt, frozen, total, contral, ut, control, decay, fog, ping"
others,"middle, nowhere, most, tale, ra, kola, perfect, dak, filter, rash, authentic, only, bra, top, moment, mania, ex, mag, rope, go"
others,"never, people, tab, matter, fet, tog, lago, warren, lin, take, dub, ken, fen, taken"
family,"family, mother, father, cousin, son, daughter, grandfather, grandmother, home, babe, guy, ma, pop, mary, dad, sibling, pa, quin, uncle, kin"
family,"boy, kit, house, baby, sister, hep, flu, lover, negro, nephew, brother, folk, gang, darling, maiden, twin, aunt, wife, daddy, husband"
family,nan
sport,"sport, swim, run, skateboard, basketball, football, ski, freerun, longboard, gamers, gaming, boost, board, honda, bike, racing, race, kick, team, surf"
sport,"outfit, jog, sunner, skate, freeboard, penny, pennyboard, fit, train, fitness, ogskateboard, carving, carve, ship, shipping, bikelife, motorcycle, moto, fitspo, muscle"
sport,"calisthenics, aerial, experienceabove, cali, parkour, freerunning, jump, pkfr, pk, flip, backflip, sideflip, flips, flow, freerunners, traceur, climb, training, running, repsandsets"
sport,"fitmom, knoxxfitbrz, fitdad, parkourfreerunning, traceurs, slaycation, raftup, lifeonset, fitgirlsguide, homeexercise, boarding, shredding, yoga, sup, skiing, strong, yogi, ride, cycling, cycle"
sport,"paddle, gym, cruiser, competition, surfer, balance, win, workout, calikicks, complexsneakers, calikicks, complexsneakers, flowang, jordan, nike, sentosa, skateclipstoday, sneakernews, sneakerporn, solecollector"
sport,"supreme, vnds, adidas, adrenaladies, aerial, airmax, alti, anyskate, asylumskateshop, backflip, berricsdoubletapped, billyhanning, board, body, bodybuilding, boosted, cardio, climb, compartetumundo, complexsneakers"
sport,"dance, diadora, diadoran, diadoratalk, disneyforskydivers, dynamicedge, dynamicedgede, etniesshoes, everyhourcounts, exercise, fit, fitfam, fitness, fitnessaddict, fitnessmodel, fitspo, flip, flips, flow, freefly"
sport,"freerun, freerunner, freerunners, freerunning, freerunx, freestyleskateboarding, frontflip, gainer, gains, getfit, gofast, gym, hellaclips, iloveskateboarding, instahealth, instaskater, jump, kickavecmesnike, kickflip, kicklahoma"
sport,"kicks, kickslgy, kiteboarding, kitesurf, kitesurfing, kwwk, longboard, longboarding, lovetojump, macamish, melongrab, memorialskatepark, memosesh, metrogrammed, nike, nikesbs, niviuk, ollie, paraglide, paragliding"
sport,"parkour, parkoursingapore, pepesislandboogie, pkfr, prboogie, protein, protien, raftup, riding, rodneymullen, rugbylife, rugbysevens, run, shoejunkyz, shoeporn, shoes, showmeatrick, shralpin, shredlights, sideflip"
sport,"sk, sker, sking, sklife, skordie, skate, skate, skateanddestroy, skateboard, skateboarder, skateboarding, skateboardingisfun, skateboards, skatecrunch, skatecrunchmag, skateeverydamnday, skateeveryday, skatefam, skateforfun, skategram"
sport,"skatelife, skateordie, skatepark, skatephotoaday, skater, skatergirl, skaterguy, skaters, skateshop, skatespot, skatesubmit, skatewear, skating, skatingforfun, skydive, skydivedeland, skydiveogden, skydivepuebla, skydiving, skygirl"
sport,"skygirls, slappysgarage, slaycation, sneakerhead, sneakers, sneakersaddict, snowskate, snowskater, snowskating, societyrejects, speed, speedfly, speedflying, squirrelwingsuits, stackinclips, streetwear, surfing, sweat, thankyouskateboarding, therealblacklist"
sport,"toughmudder, traceur, traceurs, training, treflip, trocsneakers, typhoonh, uav, wheels, wohza, workout, yeezy, suprace, standuppaddle, blueworldpaddle, training, suptheworkout, hippostick, race, orangebowlpaddle"
sport,"evolveboards, quad, quadcopter, rc, quipmo, findyourride, adventuretoday, surfing, snowboarding, mdsup, standuppaddle, marylandsup, walkonwatersup, mtbhome, onegoodride, singletrack, mtb, cbbikeweek, hartmanrocks, cbbikeweek"
sport,"boxersofinstagram, boxer, evolvepaddleboards, walkonwatersup, walkonwatersup, evolvepaddleboards, electricskateboard, electriclongboard, mountainboard, boostedboards, girlsonboards, nightride, bethesdaboards, odysseawatersports, paddleboarding, watersports, jetskis, pontoonboat, watersportsrental, standuppaddleboard"
sport,"surfstow, kawasaki, pontoonboats, kayaks, seacrets, jetski, kayaking, paddleboards, australiawatersports, standuppaddle, standuppaddleboard, paddleboarding, paddle, watersports, bicsup, fitness, paddleboard, yogainpaddleboarding, bicsport, yoga"
sport,"standuppaddle, board, nomadamerica, skatingagain, landcruiser, supyoga, standuppaddle, suprace, evolvepaddleboards, paddleboarding, yoga, evolveboards, mantrafit, fitness, supyogi, skicb, boating, camping, bike, surfing"
sport,"skateboarding, skatepark, surf, wakeboarding, snowboarding, girlswhosurf, mtb, longboard, ride, surfinglife, girlswhoride, surfer, skateboard, girlswhoskate, bmx, surflife, paddleboarding, annapolispaddleboarding, standuppaddle, evolveboards"
sport,"supannapolis, kitesurf, vividalifestyle, kiter, surf, cabrinhaitaly, cabrinhateam, kite, kitesurfing, cabrinha, kiteboard, kiteboarding, kite, kitecartel, surfing, ride, npsurf, cabrinhakites, board, surfboard"
sport,"tarifa, jump, kellyslater, boardsports, balneario, teamcabrinha, kitebeach, boardaddicted, physio, fisioterapia, physicaltherapy, wakeboard, supyoga, paddleboardrentals, fitness, supdudeyoga, yogahalifax, funoutside, paddleboarding, supdudeyoga"
sport,"standuppaddleboardsrentals, halifaxyoga, yoloboard, standuppaddleboarding, paddle, floyo, yogateacher, floyofamily, standuppaddleboardyoga, baltimoreyoga, yogaworks, yogaworksbaltimore, muscles, floyofit, yoga, fitnessprofessional, sheloveswater, boat, prone, rockrock"
sport,"boats, ship, race, paddle, running, skateboarding, skateboard, summerofyoga, paddleboarding, standuppaddle, evolvepaddleboards, fitness, paddle, supfit, annapolispaddleboarding, evolveboards, supannapolis, supcarolinacup, paddleboarding, standuppaddle"
sport,"paddleboard, yogaeverydamnday, outdoorlife, supyoga, practiceandalliscoming, outdooryoga, backbend, stretch, standuppaddle, yogalife, championofthecrescent, paddleboarding, suprace, supraces, standuppaddle, evolveboards, sup, standuppaddle, evolvesup, supeasternshore"
sport,"watermovesus, ilovedorchester, supmd, supeverydamnday, overboardpaddleandfitness, supsuicidebridge, supfun, supfitness, standuppaddleboard, paddleboard, supdorchester, supyoga, yoga, paddleboarding, evolveboards, supfit, createdtodefy, gainsco, sandboxqueen, athlete"
sport,"mudtruck, motochick, crfr, moto, hurtco, bikergirl, paddleboard, dirtbike, paddleboarding, mudcouple, offroadlikeagirl, mudbogpaintjob, nolimits, girlsthatride, harleysportster, harleydavidson, harleydavidson, sportstergram, streetworkout, calisthenics"
sport,"bodyweight, calisthenic, agatsufitness, gymnastics, yoga, handstand, handstands, fitness, fit, handstandeveryday, handstandwhereistand, fitfam, crossfit, jiujitsu, martialarts, fitnessaddict, bali, yogalove, firewalker, yogaeverywhere"
sport,"muaythai, freediving, fitnessfreak, bjj, floyo, standuppaddle, bmoresup, yoga, evolveboards, floyofit, surf, yogaretreat, kialoa, surf, surfboard, yoga, surfer, surfers, supyoga, paddle"
sport,"supboard, paddleboard, calikicks, complexsneakers, flowang, jordan, nike, sentosa, skateclipstoday, sneakernews, sneakerporn, solecollector, supreme, vnds, adidas, adrenaladies, aerial, airmax, alti, anyskate"
sport,"asylumskateshop, backflip, berricsdoubletapped, billyhanning, board, body, bodybuilding, boosted, cardio, climb, compartetumundo, complexsneakers, dance, diadora, diadoran, diadoratalk, disneyforskydivers, dynamicedge, dynamicedgede, etniesshoes"
sport,"everyhourcounts, exercise, fit, fitfam, fitness, fitnessaddict, fitnessmodel, fitspo, flip, flips, flow, freefly, freerun, freerunner, freerunners, freerunning, freerunx, freestyleskateboarding, frontflip, gainer"
sport,"gains, getfit, gofast, gym, hellaclips, iloveskateboarding, instahealth, instaskater, jump, kickavecmesnike, kickflip, kicklahoma, kicks, kickslgy, kiteboarding, kitesurf, kitesurfing, kwwk, longboard, longboarding"
sport,"lovetojump, macamish, melongrab, memorialskatepark, memosesh, metrogrammed, nike, nikesbs, niviuk, ollie, paraglide, paragliding, parkour, parkoursingapore, pepesislandboogie, pkfr, prboogie, protein, protien, raftup"
sport,"riding, rodneymullen, rugbylife, rugbysevens, run, shoejunkyz, shoeporn, shoes, showmeatrick, shralpin, shredlights, sideflip, sk, sker, sking, sklife, skordie, skate, skate, skateanddestroy"
sport,"skateboard, skateboarder, skateboarding, skateboardingisfun, skateboards, skatecrunch, skatecrunchmag, skateeverydamnday, skateeveryday, skatefam, skateforfun, skategram, skatelife, skateordie, skatepark, skatephotoaday, skater, skatergirl, skaterguy, skaters"
sport,"skateshop, skatespot, skatesubmit, skatewear, skating, skatingforfun, skydive, skydivedeland, skydiveogden, skydivepuebla, skydiving, skygirl, skygirls, slappysgarage, slaycation, sneakerhead, sneakers, sneakersaddict, snowskate, snowskater"
sport,"snowskating, societyrejects, speed, speedfly, speedflying, squirrelwingsuits, stackinclips, streetwear, surfing, sweat, thankyouskateboarding, therealblacklist, toughmudder, traceur, traceurs, training, treflip, trocsneakers, typhoonh, uav"
sport,"wheels, wohza, workout, yeezy, suprace, standuppaddle, blueworldpaddle, training, suptheworkout, hippostick, race, orangebowlpaddle, evolveboards, quad, quadcopter, rc, quipmo, findyourride, adventuretoday, surfing"
sport,"snowboarding, mdsup, standuppaddle, marylandsup, walkonwatersup, mtbhome, onegoodride, singletrack, mtb, cbbikeweek, hartmanrocks, cbbikeweek, boxersofinstagram, boxer, evolvepaddleboards, walkonwatersup, walkonwatersup, evolvepaddleboards, electricskateboard, electriclongboard"
sport,"mountainboard, boostedboards, girlsonboards, nightride, bethesdaboards, odysseawatersports, paddleboarding, watersports, jetskis, pontoonboat, watersportsrental, standuppaddleboard, surfstow, kawasaki, pontoonboats, kayaks, seacrets, jetski, kayaking, paddleboards"
sport,"australiawatersports, standuppaddle, standuppaddleboard, paddleboarding, paddle, watersports, bicsup, fitness, paddleboard, yogainpaddleboarding, bicsport, yoga, standuppaddle, board, nomadamerica, skatingagain, landcruiser, supyoga, standuppaddle, suprace"
sport,"evolvepaddleboards, paddleboarding, yoga, evolveboards, mantrafit, fitness, supyogi, skicb, boating, camping, bike, surfing, skateboarding, skatepark, surf, wakeboarding, snowboarding, girlswhosurf, mtb, longboard"
sport,"ride, surfinglife, girlswhoride, surfer, skateboard, girlswhoskate, bmx, surflife, paddleboarding, annapolispaddleboarding, standuppaddle, evolveboards, supannapolis, kitesurf, vividalifestyle, kiter, surf, cabrinhaitaly, cabrinhateam, kite"
sport,"kitesurfing, cabrinha, kiteboard, kiteboarding, kite, kitecartel, surfing, ride, npsurf, cabrinhakites, board, surfboard, tarifa, jump, kellyslater, boardsports, balneario, teamcabrinha, kitebeach, boardaddicted"
sport,"physio, fisioterapia, physicaltherapy, wakeboard, supyoga, paddleboardrentals, fitness, supdudeyoga, yogahalifax, funoutside, paddleboarding, supdudeyoga, standuppaddleboardsrentals, halifaxyoga, yoloboard, standuppaddleboarding, paddle, floyo, yogateacher, floyofamily"
sport,"standuppaddleboardyoga, baltimoreyoga, yogaworks, yogaworksbaltimore, muscles, floyofit, yoga, fitnessprofessional, sheloveswater, boat, prone, rockrock, boats, ship, race, paddle, running, skateboarding, skateboard, summerofyoga"
sport,"paddleboarding, standuppaddle, evolvepaddleboards, fitness, paddle, supfit, annapolispaddleboarding, evolveboards, supannapolis, supcarolinacup, paddleboarding, standuppaddle, paddleboard, yogaeverydamnday, outdoorlife, supyoga, practiceandalliscoming, outdooryoga, backbend, stretch"
sport,"standuppaddle, yogalife, championofthecrescent, paddleboarding, suprace, supraces, standuppaddle, evolveboards, sup, standuppaddle, evolvesup, supeasternshore, watermovesus, ilovedorchester, supmd, supeverydamnday, overboardpaddleandfitness, supsuicidebridge, supfun, supfitness"
sport,"standuppaddleboard, paddleboard, supdorchester, supyoga, yoga, paddleboarding, evolveboards, supfit, createdtodefy, gainsco, sandboxqueen, athlete, mudtruck, motochick, crfr, moto, hurtco, bikergirl, paddleboard, dirtbike"
sport,"paddleboarding, mudcouple, offroadlikeagirl, mudbogpaintjob, nolimits, girlsthatride, harleysportster, harleydavidson, harleydavidson, sportstergram, streetworkout, calisthenics, bodyweight, calisthenic, agatsufitness, gymnastics, yoga, handstand, handstands, fitness"
sport,"fit, handstandeveryday, handstandwhereistand, fitfam, crossfit, jiujitsu, martialarts, fitnessaddict, bali, yogalove, firewalker, yogaeverywhere, muaythai, freediving, fitnessfreak, bjj, floyo, standuppaddle, bmoresup, yoga"
sport,"evolveboards, floyofit, surf, yogaretreat, kialoa, surf, surfboard, yoga, surfer, surfers, supyoga, paddle, supboard, paddleboard, golf, judo, marathon, athletics, shot, gun"
sport,"shooting, challenge, strength, motivation, motivate, inspire, rep, ton, hydroxy, climbing, award"
art,"art, dance, picture, photographer, art, flowang, design, film, bleachmyfilm, creatives, visuals, feature, cloudchaser, model, studio, pic, editor, vimeo, fargalita, wear"
art,"px, gopro, wellcrafted, musician, fireworks, coachella, photoshoot, westhollywood, fineart, style, beauty, justgoshoot, droner, sg, shinefest, kraken, earthpics, sennarelax, project, carolinadronz"
art,"dronelife, dronestagram, droneporn, aerial, dronesdaily, livbda, blackgirlmagic, ootd, selfie, edc, doll, artxdesign, cameraporn, production, cinematographic, iphoneography, filmisalive, filmisnotdead, droneoftheday, dronefly"
art,"canon, iamdji, goproid, dronegear, droneheroes, designer, photo, canonfanphoto, exploresofphotography, artchitecture, canon, canonfanphoto, exploresofphotography, goprogirl, shoeporn, teamcanon, architecture, art, artist, design"
art,"designgraphic, designspiration, draw, drawing, drone, dronelife, droneoftheday, droneporn, droner, drones, dronesdaily, droneshot, dronestagram, dynamicedgedesigns, freshpicture, gopro, graphicdesign, graphisme, handmade, headtrippin"
art,"honormycurves, igbogota, iggreatpics, igerscolombia, illustration, illustrator, ink, inspirepro, instaselfie, kraken, lace, lesformes, logo, photooftheday, picoftheday, picturetokeep, selfie, serigraphie, song, studio"
art,"tatoo, tatouage, typographie, vscgoodshot, vscogoodshot, drone, dronephoto, airphoto, aerialphotography, aerial, clouds, sun, sunset, airview, airphotography, gopro, gopro, glowlights, underthelights, drones"
art,"gopro, drone, clouds, eskinaskateparq, wildflowers, sunset, view, strongerbydesign, style, designer, summerofyoga, gopro, photooftheday, sunset, filmmaking, filmmaker, video, film, earthinstagram, amazingearthpix"
art,"beautifulearthpics, earthpics, amazingearthpic, amazingearthgallery, amazingearth, earthart, earthgallery, earthpic, earthphotography, beautifulearth, shirtdesign, sunsethouse, premiere, suplove, suplove, ilovesup, namaste, hippie, hondahippie, edm"
art,"hippy, iamagatsu, gopro, namaste, nymosommar, artchitecture, canon, canonfanphoto, exploresofphotography, goprogirl, shoeporn, teamcanon, architecture, art, artist, design, designgraphic, designspiration, draw, drawing"
art,"drone, dronelife, droneoftheday, droneporn, droner, drones, dronesdaily, droneshot, dronestagram, dynamicedgedesigns, freshpicture, gopro, graphicdesign, graphisme, handmade, headtrippin, honormycurves, igbogota, iggreatpics, igerscolombia"
art,"illustration, illustrator, ink, inspirepro, instaselfie, kraken, lace, lesformes, logo, photooftheday, picoftheday, picturetokeep, selfie, serigraphie, song, studio, tatoo, tatouage, typographie, vscgoodshot"
art,"vscogoodshot, drone, dronephoto, airphoto, aerialphotography, aerial, clouds, sun, sunset, airview, airphotography, gopro, gopro, glowlights, underthelights, drones, gopro, drone, clouds, eskinaskateparq"
art,"wildflowers, sunset, view, strongerbydesign, style, designer, summerofyoga, gopro, photooftheday, sunset, filmmaking, filmmaker, video, film, earthinstagram, amazingearthpix, beautifulearthpics, earthpics, amazingearthpic, amazingearthgallery"
art,"amazingearth, earthart, earthgallery, earthpic, earthphotography, beautifulearth, shirtdesign, sunsethouse, premiere, suplove, suplove, ilovesup, namaste, hippie, hondahippie, edm, hippy, iamagatsu, gopro, namaste"
art,"nymosommar, realest, music, photography, lat, gazette, rock, ayin, lath, silhouette, cam, lapse, hale, urd, capture, hooter, editio, asylm, magical, asylum"
art,"ravel, comedy, band, gallery, culture"
life,"life, lifestyle, enjoy, young, love, theliked, dailyweb, watchthisinstagram, light, own, ownthelight, community, vape, day, night, friend, smile, antismoking, outdoor, natural"
life,"me, moto, diy, sunny, foggy, monday, tuesday, wednesday, thursday, friday, saturday, sunday, summerstyle, fishing, bassfishing, free, clean, festival, magic, professional"
life,"holiday, fine, celebrate, pride, fun, lifestylebolgger, gaypride, ramadhan, vapeporn, workdays, flexfriday, freedom, jam, lol, sun, bestvacationspix, birthday, time, tuck, pool"
life,"rich, today, tomorrow, yesterday, instadaily, mood, instamood, instalike, instagood, daily, cute, happy, sad, honor, curvy, party, confidence, my, belly, forever"
life,"hard, easy, collage, insdaily, work, rest, workaholic, hardwork, sunglass, glass, wake, morning, summer, spring, winter, autumn, ea, colour, color, die"
life,"relfection, peace, weekend, fresh, wonder, flexible, likelike, lit, livehard, plusisamust, protein, tesco, wegotyou, whatareyoulookingat, abusheloflove, amazing, asda, bday, best, birthday"
life,"chill, colombialuxury, colorful, convenience, cool, crazy, cute, daily, dent, determination, done, energy, enmicolombia, exploreeverything, expression, festival, finally, freedom, freelance, friends"
life,"fun, girl, girls, giveaway, gogogo, goldenconfidence, good, goodlife, goodnight, happiness, happy, happyday, health, healthy, healthychoices, healthyfood, humpday, igworldclub, igworldclub, instadaily"
life,"instagram, instalike, instamood, interesting, istgoodshot, kill, lifestyle, like, likelike, likeforlike, lol, love, lovely, luve, metro, motivation, ngeeannpoly, night, past, peace"
life,"poolparty, pretty, smile, spirit, strong, studybreak, style, summer, sun, time, today, up, weekend, winterretreat, mondays, city, malm, sunnyday, livethelittlethings, summer"
life,"sweaterweather, chasinglight, sunday, night, nothingisordinary, lifeinfull, thebottomtoothboys, reginaldvanjustice, boxerpuppy, friends, thestruggleisreal, thofjulyweekend, everyday, everyday, shorelife, kalashlife, makersgonnamake, diy, fucktraffic, friends"
life,"workhardplaywet, familyfun, holiday, familyowned, explore, healthylifestyle, lifestyle, love, nobaddays, beauty, hobby, livingthegoodlife, lovinglife, wanderlust, namaste, beautiful, beyourself, itsalifestyle, livewithpassion, sunshine"
life,"experience, fun, summer, gorgeous, love, dogsofinstagram, evening, blooming, summer, animal, festival, flashesofdelight, freestyle, teamvividalifestyle, wakestyle, work, health, medicine, wedding, freedom"
life,"yourworkingtohard, getoutside, pitbulls, thofjulyweekend, thofjuly, dogmom, iloveher, oceanlife, startuplife, bostonlove, saturday, reading, earthlove, loveearthday, customshirts, customshirt, sundayfunday, memorialdayweekend, mondayfeels, vacation"
life,"love, collectingmoments, everydaymagic, freshair, standupforkids, neversettle, lifestyle, mudlife, custom, love, goodtimes, mudlove, weekend, happyfathersday, happyanniversarytous, healing, freedom, soul, life, daily"
life,"goodliving, likelike, lit, livehard, plusisamust, protein, tesco, wegotyou, whatareyoulookingat, abusheloflove, amazing, asda, bday, best, birthday, chill, colombialuxury, colorful, convenience, cool"
life,"crazy, cute, daily, dent, determination, done, energy, enmicolombia, exploreeverything, expression, festival, finally, freedom, freelance, friends, fun, girl, girls, giveaway, gogogo"
life,"goldenconfidence, good, goodlife, goodnight, happiness, happy, happyday, health, healthy, healthychoices, healthyfood, humpday, igworldclub, igworldclub, instadaily, instagram, instalike, instamood, interesting, istgoodshot"
life,"kill, lifestyle, like, likelike, likeforlike, lol, love, lovely, luve, metro, motivation, ngeeannpoly, night, past, peace, poolparty, pretty, smile, spirit, strong"
life,"studybreak, style, summer, sun, time, today, up, weekend, winterretreat, mondays, city, malm, sunnyday, livethelittlethings, summer, sweaterweather, chasinglight, sunday, night, nothingisordinary"
life,"lifeinfull, thebottomtoothboys, reginaldvanjustice, boxerpuppy, friends, thestruggleisreal, thofjulyweekend, everyday, everyday, shorelife, kalashlife, makersgonnamake, diy, fucktraffic, friends, workhardplaywet, familyfun, holiday, familyowned, explore"
life,"healthylifestyle, lifestyle, love, nobaddays, beauty, hobby, livingthegoodlife, lovinglife, wanderlust, namaste, beautiful, beyourself, itsalifestyle, livewithpassion, sunshine, experience, fun, summer, gorgeous, love"
life,"dogsofinstagram, evening, blooming, summer, animal, festival, flashesofdelight, freestyle, teamvividalifestyle, wakestyle, work, health, medicine, wedding, freedom, yourworkingtohard, getoutside, pitbulls, thofjulyweekend, thofjuly"
life,"dogmom, iloveher, oceanlife, startuplife, bostonlove, saturday, reading, earthlove, loveearthday, customshirts, customshirt, sundayfunday, memorialdayweekend, mondayfeels, vacation, love, collectingmoments, everydaymagic, freshair, standupforkids"
life,"neversettle, lifestyle, mudlife, custom, love, goodtimes, mudlove, weekend, happyfathersday, happyanniversarytous, healing, freedom, soul, life, daily, goodliving, luxury, living, hour, lucky"
life,"live, gem, dreamt, club, crape, motivate, dream, ism, destination, fantastic, deluxe, lonely"
travel,"travel, jouney, view, sunset, storm, nyc, beijing, paris, roadtrip, iceland, shenzhen, america, losangeles, university, santamonica, national, canyon, canada, nature, sweden"
travel,"batukaras, japan, lasvegas, vedas, summerlin, henderson, beach, texas, usa, legokpari, ocean, mexico, miami, florida, southflorida, miamibeach, southbeach, newyork, nashville, vegas"
travel,"pksg, singapore, parkoursingapore, shine, land, sky, sunrise, cyrus, brazil, sentosa, baldheadisland, lakekeowee, bermuda, hawaii, honolulu, aloha, haitian, everydayhawaii, sukabumi, snow"
travel,"rain, park, mountain, sunshine, alp, downhill, trip, adventure, sand, port, hot, cold, lake, river, cool, weather, polar, sea, camp, explore"
travel,"asda, asian, auckland, colombia, asda, asian, auckland, colombia, igexquisite, japango, melrose, nz, rcbogota, aloha, asian, baldheadisland, baseball, bermuda, bogotagrafia, bogotart"
travel,"caen, canonphotos, colombia, colombiafolklore, colombiagreatshots, colombialive, colombiaestrella, contadoraisland, cumulus, foreveronvacation, france, hawaii, honolulu, igallamericas, igcolombia, iggloballife, igpuertorico, igpuertorico, igcolombia, igersbogota"
travel,"igglobalclub, instatravel, lakekeowee, lakepowell, land, livbda, lomejordebogota, london, londres, lovesamericas, lovesbogota, lovescolombia, loveslatino, malaysian, mountainlife, mountains, nashville, nature, normandie, oceanside"
travel,"ohau, paris, pozosazules, puertorico, richmondpark, sandiego, sanjuan, scotland, sea, shine, singapore, sunset, theworldshotz, toulouse, trgoodshot, vegas, villadeleyva, visitpanama, vivecolombiaviajaporella, vsco"
travel,"wonderfulplaces, worldplaces, xtremexccessories, yoamobogota, miami, florida, sweden, seaside, malmo, beach, landscape, igposavje, stockholm, posavje, mytinyatlas, ribersborg, slovenia, skycraper, turningtorsomalm, igslovenia"
travel,"maryland, chesapeakebay, visitgcb, gunnison, crestedbutte, coloradolove, coloradotography, places, crestedbutte, coloradolive, coloradogram, livelifeproof, downtowncampbell, ocmd, shorelife, ocmd, atlanticcrew, downwinder, brscrew, oceancity"
travel,"exploreocmd, tripadvisor, certificateofexcellence, privatebeach, bestofoceancity, tours, nighttours, bay, sunset, bayside, paradise, traveltheworld, travel, traveler, solotraveler, travellife, melbourne, goldcoast, sydney, straya"
travel,"beautifulisland, laguna, bacalar, bc, costarica, nosara, beach, arenalvolcano, assateagueisland, uvita, crestedbutte, colorado, visitgcb, lakepowell, travelcrestedbutte, redrock, bridgesofthebutte, beach, beachlife, summerseason"
travel,"hossegor, sea, snowpark, prague, capezzana, tuscansun, rimini, sea, italy, spain, paris, annapolis, usa, america, yoginis, catalina, uppsala, sweden, annapolis, lululemonannapolis"
travel,"chesapeakebay, neworleans, wrightsvillebeach, oceantherapy, sweden, visitdorchester, tourmd, canadian, boglife, vegas, xslasvegas, montreal, ranchosantana, nicaragua, beach, nyc, savannah, georgia, sweden, beach"
travel,"varberg, apelviken, roadtrip, thejourney, lalife, asda, asian, auckland, colombia, igexquisite, japango, melrose, nz, rcbogota, aloha, asian, baldheadisland, baseball, bermuda, bogotagrafia"
travel,"bogotart, caen, canonphotos, colombia, colombiafolklore, colombiagreatshots, colombialive, colombiaestrella, contadoraisland, cumulus, foreveronvacation, france, hawaii, honolulu, igallamericas, igcolombia, iggloballife, igpuertorico, igpuertorico, igcolombia"
travel,"igersbogota, igglobalclub, instatravel, lakekeowee, lakepowell, land, livbda, lomejordebogota, london, londres, lovesamericas, lovesbogota, lovescolombia, loveslatino, malaysian, mountainlife, mountains, nashville, nature, normandie"
travel,"oceanside, ohau, paris, pozosazules, puertorico, richmondpark, sandiego, sanjuan, scotland, sea, shine, singapore, sunset, theworldshotz, toulouse, trgoodshot, vegas, villadeleyva, visitpanama, vivecolombiaviajaporella"
travel,"vsco, wonderfulplaces, worldplaces, xtremexccessories, yoamobogota, miami, florida, sweden, seaside, malmo, beach, landscape, igposavje, stockholm, posavje, mytinyatlas, ribersborg, slovenia, skycraper, turningtorsomalm"
travel,"igslovenia, maryland, chesapeakebay, visitgcb, gunnison, crestedbutte, coloradolove, coloradotography, places, crestedbutte, coloradolive, coloradogram, livelifeproof, downtowncampbell, ocmd, shorelife, ocmd, atlanticcrew, downwinder, brscrew"
travel,"oceancity, exploreocmd, tripadvisor, certificateofexcellence, privatebeach, bestofoceancity, tours, nighttours, bay, sunset, bayside, paradise, traveltheworld, travel, traveler, solotraveler, travellife, melbourne, goldcoast, sydney"
travel,"straya, beautifulisland, laguna, bacalar, bc, costarica, nosara, beach, arenalvolcano, assateagueisland, uvita, crestedbutte, colorado, visitgcb, lakepowell, travelcrestedbutte, redrock, bridgesofthebutte, beach, beachlife"
travel,"summerseason, hossegor, sea, snowpark, prague, capezzana, tuscansun, rimini, sea, italy, spain, paris, annapolis, usa, america, yoginis, catalina, uppsala, sweden, annapolis"
travel,"lululemonannapolis, chesapeakebay, neworleans, wrightsvillebeach, oceantherapy, sweden, visitdorchester, tourmd, canadian, boglife, vegas, xslasvegas, montreal, ranchosantana, nicaragua, beach, nyc, savannah, georgia, sweden"
travel,"beach, varberg, apelviken, roadtrip, thejourney, lalife, downtown, coral, la, wildlife, traveling, kent, tam, west, coast, lax, drive, freeway, ana, mile"
travel,"alamo, cloud, rainbow, journalism, den, north, kit, fuji, exploring, turk, heritage, crew, tala, loch, abandoned, island, roam, planet, place, outside"
travel,"out, geographic, ire, outdoors, tot, beech, location, jungle, grid, phi, hub, street, visit, destination, valley, hotel, discover, globe, wanderer, wilderness"
travel,"tower, air"
food,"food, hamburger, icecream, sushi, fruit, orange, apple, juice, organic, parrot, beer, tequila, foodporn, delicious, tasty, foodphotography, drink, berry, vodka, vegan"
food,"raw, rawfood, cook, cooker, plantbased, eat, eating, cleaneating, banana, bbq, benihana, bento, bentobox, boost, breakfast, breakfastdrink, cateringjkt, chocolate, cleaneating, diet"
food,"dietmayo, eatclean, flycookie, homechef, homecooking, homemade, instafood, jam, kong, lunchbox, morrisons, porridge, portobello, sanka, yummy, sup, farmersmarket, blueberrybuttermilkcake, getinmybelly, greenearthorganics"
food,"fruitbowl, gofruityourself, vegan, beer, banana, bbq, benihana, bento, bentobox, boost, breakfast, breakfastdrink, cateringjkt, chocolate, cleaneating, diet, dietmayo, eatclean, flycookie, homechef"
food,"homecooking, homemade, instafood, jam, kong, lunchbox, morrisons, porridge, portobello, sanka, yummy, sup, farmersmarket, blueberrybuttermilkcake, getinmybelly, greenearthorganics, fruitbowl, gofruityourself, vegan, beer"
food,"pan, ate, salt, gram, kale, oat, aa, redberry, mocha, morel, cup, pot, grain, bar, dip, mug"
fashion,"fashion, fashionblogger, nail, haitianlovecurves, style, stylish, curves, mystylishcurves, honormycurves, browngirlredlips, dollfaces, baewatch, like, makeup, instaselfie, golden, face, faces, magic, blogger"
fashion,"blog, girl, rad, beautiful, bikini, ho, stomp, lust, amazing, pow, curvygirlfever, connexion, emesession, curvygirlfever, hypebeast, monikape, ombr, shirtly, andigetdressed, baewatch"
fashion,"blackgirlmagic, blonde, blue, boldandcurvey, braid, browngirlredlips, classics, clothing, cover, curilyyours, curls, derollingporbogota, discount, dollfaces, dope, faitenfrance, fashion, fashiontime, hair, hairstyle"
fashion,"hairweave, hairwefts, haitianlovecurves, hypebeast, instagood, kinkystraight, linkinbio, linkinmybio, lively, livingfortheweekend, madeinfrance, makeup, mensfashion, mystylishcurves, nail, ootd, plussizefashionkilla, sale, salvation, solde"
fashion,"stylefilesplus, tailormade, teenwolf, thrasher, tshirt, unbotheredbellyandbellyall, verticalsuits, wig, model, instacool, teekibottoms, teekipants, tshirt, shirts, loveshirt, poloshirt, newshirt, lovethisshirt, instafashion, cuteshirt"
fashion,"shirt, blackshirt, favoriteshirt, shirtoftheday, getlostalot, connexion, emesession, curvygirlfever, hypebeast, monikape, ombr, shirtly, andigetdressed, baewatch, blackgirlmagic, blonde, blue, boldandcurvey, braid, browngirlredlips"
fashion,"classics, clothing, cover, curilyyours, curls, derollingporbogota, discount, dollfaces, dope, faitenfrance, fashion, fashiontime, hair, hairstyle, hairweave, hairwefts, haitianlovecurves, hypebeast, instagood, kinkystraight"
fashion,"linkinbio, linkinmybio, lively, livingfortheweekend, madeinfrance, makeup, mensfashion, mystylishcurves, nail, ootd, plussizefashionkilla, sale, salvation, solde, stylefilesplus, tailormade, teenwolf, thrasher, tshirt, unbotheredbellyandbellyall"
fashion,"verticalsuits, wig, model, instacool, teekibottoms, teekipants, tshirt, shirts, loveshirt, poloshirt, newshirt, lovethisshirt, instafashion, cuteshirt, shirt, blackshirt, favoriteshirt, shirtoftheday, getlostalot, amazed"
fashion,fantastic
animal,"dog, cat, bird, snack, dolphin, pig, fox, teddy, rabbit, lion, tiger, ant, elephant, fish, puppy, dingo, bluebird, animal, ret, tortoise"
animal,"chick, pet, cricket, rat, hen, kitten, male, kea, shark, snake, monkey, dogfort, cutedog, smartdog, englishcreamgoldenretriever, goldenretrieversofinstagram, dublinthegoldenretriever, goldenretriever, goldensofinstagram, dogsofinstagram"
animal,"pitbullsofinstagram, dogfort, cutedog, smartdog, englishcreamgoldenretriever, goldenretrieversofinstagram, dublinthegoldenretriever, goldenretriever, goldensofinstagram, dogsofinstagram, pitbullsofinstagram, lamb, pelican, giant, marlin, impala, deer, ani, baya, pup"
animal,"bronco, cow, owl, feline, lizard, ape, queen, fowl, human, ox, dun, mina, bruin, turkey, livestock, bear, duck, kitty, tatu, flagrant"
animal,"pilar, bug, horse, just, bull, butterfly, chub, beast, raptor, spider, wolf, reptile, magpie, redwing, jay, asp, apar, bat, stag, mount"
animal,"about, wader, alpine, husky, rhino, goat, teg, mad, cayman, beef, mammoth, squirrel, jellyfish, penguin, moke, pony, digital, orang, salmon, blackfish"
animal,"mare, yet, icy, turtledove, spearfish, creature, hippopotamus, mako, colt, raven, hare, flamingo, crocodile, spaniel, auk, anal, pug, moth"
